{
  "Create tag" : {
    "transaction" : "Create tag",
    "sampleCount" : 40,
    "errorCount" : 20,
    "errorPct" : 50.0,
    "meanResTime" : 2508.824999999999,
    "medianResTime" : 2513.0,
    "minResTime" : 5.0,
    "maxResTime" : 5008.0,
    "pct1ResTime" : 5007.0,
    "pct2ResTime" : 5008.0,
    "pct3ResTime" : 5008.0,
    "throughput" : 0.08709378912416309,
    "receivedKBytesPerSec" : 0.1256459739535137,
    "sentKBytesPerSec" : 0.009846956480322248
  },
  "Create user" : {
    "transaction" : "Create user",
    "sampleCount" : 40,
    "errorCount" : 20,
    "errorPct" : 50.0,
    "meanResTime" : 2517.9500000000003,
    "medianResTime" : 2618.5,
    "minResTime" : 8.0,
    "maxResTime" : 5022.0,
    "pct1ResTime" : 5008.0,
    "pct2ResTime" : 5008.0,
    "pct3ResTime" : 5022.0,
    "throughput" : 0.0861461857699423,
    "receivedKBytesPerSec" : 0.1290552307425586,
    "sentKBytesPerSec" : 0.014810582035935882
  },
  "Create project" : {
    "transaction" : "Create project",
    "sampleCount" : 40,
    "errorCount" : 20,
    "errorPct" : 50.0,
    "meanResTime" : 2510.724999999999,
    "medianResTime" : 2529.0,
    "minResTime" : 8.0,
    "maxResTime" : 5008.0,
    "pct1ResTime" : 5007.0,
    "pct2ResTime" : 5008.0,
    "pct3ResTime" : 5008.0,
    "throughput" : 0.08805180968481854,
    "receivedKBytesPerSec" : 0.12985492226125853,
    "sentKBytesPerSec" : 0.01343778960790529
  },
  "Get tasks by status" : {
    "transaction" : "Get tasks by status",
    "sampleCount" : 180,
    "errorCount" : 80,
    "errorPct" : 44.444443,
    "meanResTime" : 2238.8722222222214,
    "medianResTime" : 42.0,
    "minResTime" : 10.0,
    "maxResTime" : 5009.0,
    "pct1ResTime" : 5006.0,
    "pct2ResTime" : 5007.0,
    "pct3ResTime" : 5009.0,
    "throughput" : 0.4094603540012238,
    "receivedKBytesPerSec" : 1.1812526906379164,
    "sentKBytesPerSec" : 0.043318559586718014
  },
  "Get task by id" : {
    "transaction" : "Get task by id",
    "sampleCount" : 180,
    "errorCount" : 80,
    "errorPct" : 44.444443,
    "meanResTime" : 2229.56111111111,
    "medianResTime" : 13.0,
    "minResTime" : 3.0,
    "maxResTime" : 5007.0,
    "pct1ResTime" : 5006.9,
    "pct2ResTime" : 5007.0,
    "pct3ResTime" : 5007.0,
    "throughput" : 0.4048601208282538,
    "receivedKBytesPerSec" : 0.5670809290077778,
    "sentKBytesPerSec" : 0.041039531779270264
  },
  "Create comment" : {
    "transaction" : "Create comment",
    "sampleCount" : 167,
    "errorCount" : 67,
    "errorPct" : 40.11976,
    "meanResTime" : 2017.065868263472,
    "medianResTime" : 19.0,
    "minResTime" : 7.0,
    "maxResTime" : 5008.0,
    "pct1ResTime" : 5007.0,
    "pct2ResTime" : 5007.0,
    "pct3ResTime" : 5007.32,
    "throughput" : 0.40278330499378945,
    "receivedKBytesPerSec" : 0.5029209138296974,
    "sentKBytesPerSec" : 0.06839694279632913
  },
  "Create task" : {
    "transaction" : "Create task",
    "sampleCount" : 180,
    "errorCount" : 80,
    "errorPct" : 44.444443,
    "meanResTime" : 2236.3999999999996,
    "medianResTime" : 29.0,
    "minResTime" : 10.0,
    "maxResTime" : 5007.0,
    "pct1ResTime" : 5007.0,
    "pct2ResTime" : 5007.0,
    "pct3ResTime" : 5007.0,
    "throughput" : 0.400355871886121,
    "receivedKBytesPerSec" : 0.5607719014123665,
    "sentKBytesPerSec" : 0.09563622525578291
  },
  "Get comments" : {
    "transaction" : "Get comments",
    "sampleCount" : 160,
    "errorCount" : 60,
    "errorPct" : 37.5,
    "meanResTime" : 1883.824999999999,
    "medianResTime" : 13.0,
    "minResTime" : 5.0,
    "maxResTime" : 5007.0,
    "pct1ResTime" : 5007.0,
    "pct2ResTime" : 5007.0,
    "pct3ResTime" : 5007.0,
    "throughput" : 0.3906116490159028,
    "receivedKBytesPerSec" : 2.0682796219428536,
    "sentKBytesPerSec" : 0.04434434003720576
  },
  "Search tasks by project owner" : {
    "transaction" : "Search tasks by project owner",
    "sampleCount" : 180,
    "errorCount" : 80,
    "errorPct" : 44.444443,
    "meanResTime" : 2231.772222222221,
    "medianResTime" : 18.0,
    "minResTime" : 5.0,
    "maxResTime" : 5009.0,
    "pct1ResTime" : 5007.0,
    "pct2ResTime" : 5007.0,
    "pct3ResTime" : 5008.19,
    "throughput" : 0.418988561612268,
    "receivedKBytesPerSec" : 0.6593841581006783,
    "sentKBytesPerSec" : 0.05569238150770706
  },
  "Total" : {
    "transaction" : "Total",
    "sampleCount" : 1704,
    "errorCount" : 744,
    "errorPct" : 43.661972,
    "meanResTime" : 2194.926643192487,
    "medianResTime" : 27.0,
    "minResTime" : 3.0,
    "maxResTime" : 5022.0,
    "pct1ResTime" : 5007.0,
    "pct2ResTime" : 5007.0,
    "pct3ResTime" : 5008.0,
    "throughput" : 3.666479469651491,
    "receivedKBytesPerSec" : 11.233682626557018,
    "sentKBytesPerSec" : 0.5512570508186104
  },
  "Get tasks with tags" : {
    "transaction" : "Get tasks with tags",
    "sampleCount" : 180,
    "errorCount" : 80,
    "errorPct" : 44.444443,
    "meanResTime" : 2233.9222222222224,
    "medianResTime" : 25.5,
    "minResTime" : 7.0,
    "maxResTime" : 5010.0,
    "pct1ResTime" : 5007.0,
    "pct2ResTime" : 5007.0,
    "pct3ResTime" : 5008.38,
    "throughput" : 0.414171094078964,
    "receivedKBytesPerSec" : 4.858899691931486,
    "sentKBytesPerSec" : 0.04336752449937069
  },
  "Search tasks by tag native" : {
    "transaction" : "Search tasks by tag native",
    "sampleCount" : 180,
    "errorCount" : 80,
    "errorPct" : 44.444443,
    "meanResTime" : 2233.2388888888872,
    "medianResTime" : 22.5,
    "minResTime" : 7.0,
    "maxResTime" : 5007.0,
    "pct1ResTime" : 5006.9,
    "pct2ResTime" : 5007.0,
    "pct3ResTime" : 5007.0,
    "throughput" : 0.4239204160072349,
    "receivedKBytesPerSec" : 0.7660949371243594,
    "sentKBytesPerSec" : 0.05923432245153176
  },
  "Update task" : {
    "transaction" : "Update task",
    "sampleCount" : 177,
    "errorCount" : 77,
    "errorPct" : 43.502827,
    "meanResTime" : 2190.4802259886987,
    "medianResTime" : 34.0,
    "minResTime" : 12.0,
    "maxResTime" : 5008.0,
    "pct1ResTime" : 5007.0,
    "pct2ResTime" : 5007.0,
    "pct3ResTime" : 5008.0,
    "throughput" : 0.4218152353943496,
    "receivedKBytesPerSec" : 0.583258798243628,
    "sentKBytesPerSec" : 0.10476027876744158
  }
}